[{"model": "api.category", "pk": 1, "fields": {"name": "Accessories"}}, {"model": "api.category", "pk": 2, "fields": {"name": "Blu-ray"}}, {"model": "api.category", "pk": 3, "fields": {"name": "Clothing"}}, {"model": "api.category", "pk": 4, "fields": {"name": "Figures"}}, {"model": "api.category", "pk": 5, "fields": {"name": "Manga"}}, {"model": "api.product", "pk": 1, "fields": {"name": "Spy x Family - Anya Expressions", "description": "Spy x Family - Anya Expressions", "price": "19.99", "image": "image/upload/v1712181620/vbhtwrh4s8rnhxq0wwtq.jpg", "category": 1, "created_at": "2024-04-03T22:00:20.769Z", "average_rating": "0.00"}}, {"model": "api.product", "pk": 2, "fields": {"name": "Jujutsu Kaisen - Character Box", "description": "Jujutsu Kaisen - Character Box", "price": "9.95", "image": "image/upload/v1712181663/sxf1s1ommjqhtfcriobm.jpg", "category": 1, "created_at": "2024-04-03T22:01:03.712Z", "average_rating": "0.00"}}, {"model": "api.product", "pk": 3, "fields": {"name": "Chainsaw Man - Blind Keychain", "description": "Chainsaw Man - Blind Keychain", "price": "14.95", "image": "image/upload/v1712181687/ohmnu7rzbztcysgdvuyi.jpg", "category": 1, "created_at": "2024-04-03T22:01:27.819Z", "average_rating": "0.00"}}, {"model": "api.product", "pk": 4, "fields": {"name": "Naruto Shippuden - Akatsuki Box", "description": "Naruto Shippuden - Akatsuki Box", "price": "9.95", "image": "image/upload/v1712181717/mwnaq9tfstqcgs8hgtdq.jpg", "category": 1, "created_at": "2024-04-03T22:01:57.881Z", "average_rating": "0.00"}}, {"model": "api.product", "pk": 5, "fields": {"name": "Ein Cowboy Bebop Nendoroid Pin", "description": "Ein Cowboy Bebop Nendoroid Pin", "price": "11.24", "image": "image/upload/v1712181778/vtggtgjbe6btcai1wy7q.jpg", "category": 1, "created_at": "2024-04-03T22:02:58.942Z", "average_rating": "0.00"}}, {"model": "api.product", "pk": 6, "fields": {"name": "Dragon Ball Z - Shenron FiGPiN", "description": "Dragon Ball Z - Shenron FiGPiN", "price": "13.49", "image": "image/upload/v1712181811/c4xnqgge8ev4itcqz6ju.jpg", "category": 1, "created_at": "2024-04-03T22:03:31.800Z", "average_rating": "0.00"}}, {"model": "api.product", "pk": 7, "fields": {"name": "Berserk - The Complete TV Series", "description": "Berserk - The Complete TV Series", "price": "44.96", "image": "image/upload/v1712181836/fy8mtderhnbkbtgrn6xs.jpg", "category": 2, "created_at": "2024-04-03T22:03:55.796Z", "average_rating": "0.00"}}, {"model": "api.product", "pk": 8, "fields": {"name": "Futakoi - The Complete TV Series", "description": "Futakoi - The Complete TV Series", "price": "22.46", "image": "image/upload/v1712182121/yo9f8ebeel15qmso0daa.jpg", "category": 2, "created_at": "2024-04-03T22:08:41.640Z", "average_rating": "0.00"}}, {"model": "api.product", "pk": 9, "fields": {"name": "Lovely Complex - LA Movie", "description": "Lovely Complex - LA Movie", "price": "18.71", "image": "image/upload/v1712182149/vvux47aa2401sxb9boh2.jpg", "category": 2, "created_at": "2024-04-03T22:09:09.218Z", "average_rating": "0.00"}}, {"model": "api.product", "pk": 10, "fields": {"name": "Bleach Sennen Kessen-hen", "description": "Bleach Sennen Kessen-hen", "price": "40.48", "image": "image/upload/v1712182190/m2tpqpdphes9aim8hc1a.jpg", "category": 2, "created_at": "2024-04-03T22:09:50.260Z", "average_rating": "0.00"}}, {"model": "api.product", "pk": 11, "fields": {"name": "Akiba Maid War", "description": "Akiba Maid War", "price": "52.49", "image": "image/upload/v1712182209/hei960rilm0in5miljvt.jpg", "category": 2, "created_at": "2024-04-03T22:10:09.270Z", "average_rating": "0.00"}}, {"model": "api.product", "pk": 12, "fields": {"name": "B Gata H Kei", "description": "B Gata H Kei", "price": "37.49", "image": "image/upload/v1712182237/nd3hyr94wp4ofrutyc2a.jpg", "category": 2, "created_at": "2024-04-03T22:10:37.418Z", "average_rating": "0.00"}}, {"model": "api.product", "pk": 13, "fields": {"name": "Fairy Tail Collection 9", "description": "Fairy Tail Collection 9", "price": "41.24", "image": "image/upload/v1712182275/yo4o52ngmzhmofufwbmm.jpg", "category": 2, "created_at": "2024-04-03T22:11:15.851Z", "average_rating": "0.00"}}, {"model": "api.product", "pk": 14, "fields": {"name": "Junji Ito - Yon & Mu Holiday Sweater", "description": "Junji Ito - Yon & Mu Holiday Sweater", "price": "38.47", "image": "image/upload/v1712182304/p3orlol89jjk5ape07yo.jpg", "category": 3, "created_at": "2024-04-03T22:11:43.911Z", "average_rating": "0.00"}}, {"model": "api.product", "pk": 15, "fields": {"name": "One Piece - Gum Gum Sweater", "description": "One Piece - Gum Gum Sweater", "price": "46.71", "image": "image/upload/v1712182330/pi7dpvqe1ppdvnrzwgtq.jpg", "category": 3, "created_at": "2024-04-03T22:12:10.700Z", "average_rating": "0.00"}}, {"model": "api.product", "pk": 16, "fields": {"name": "JoJo's Bizarre Adventure - Mista", "description": "JoJo's Bizarre Adventure - Mista", "price": "24.99", "image": "image/upload/v1712182364/qposybxdxmgvnhgwvqt7.jpg", "category": 3, "created_at": "2024-04-03T22:12:45.020Z", "average_rating": "0.00"}}, {"model": "api.product", "pk": 17, "fields": {"name": "JoJo's Bizarre Adventure - Hoodie", "description": "JoJo's Bizarre Adventure - Hoodie", "price": "64.95", "image": "image/upload/v1712182392/qlfs1te7sqz2vu1ec6cg.jpg", "category": 3, "created_at": "2024-04-03T22:13:12.555Z", "average_rating": "0.00"}}, {"model": "api.product", "pk": 18, "fields": {"name": "Trigun - Ready Set  T-Shirt", "description": "Trigun - Ready Set  T-Shirt", "price": "29.95", "image": "image/upload/v1712182449/fqjpffmelk9ehwl6wt0y.jpg", "category": 3, "created_at": "2024-04-03T22:14:09.630Z", "average_rating": "0.00"}}, {"model": "api.product", "pk": 19, "fields": {"name": "Hunter x Hunter - T-Shirt", "description": "Hunter x Hunter - T-Shirt", "price": "19.96", "image": "image/upload/v1712182470/txm6rmz2wapchxrcvik7.jpg", "category": 3, "created_at": "2024-04-03T22:14:30.126Z", "average_rating": "0.00"}}, {"model": "api.product", "pk": 20, "fields": {"name": "Hades - Zagreus", "description": "Hades - Zagreus", "price": "12.95", "image": "image/upload/v1712182495/smk1wtdkzzyciovxssnm.jpg", "category": 4, "created_at": "2024-04-03T22:14:55.620Z", "average_rating": "0.00"}}, {"model": "api.product", "pk": 21, "fields": {"name": "Chained Soldier - Kyouka Uzen", "description": "Chained Soldier - Kyouka Uzen", "price": "337.49", "image": "image/upload/v1712182520/cdqpa6rkzc3aevcivjl3.jpg", "category": 4, "created_at": "2024-04-03T22:15:20.575Z", "average_rating": "0.00"}}, {"model": "api.product", "pk": 22, "fields": {"name": "Bleach - Ichigo Kurosaki", "description": "Bleach - Ichigo Kurosaki", "price": "31.99", "image": "image/upload/v1712182608/fyqmlr9zsx9vcs0ao3sa.jpg", "category": 4, "created_at": "2024-04-03T22:16:48.757Z", "average_rating": "0.00"}}, {"model": "api.product", "pk": 23, "fields": {"name": "The Apothecary Diaries - Maomao", "description": "The Apothecary Diaries - Maomao", "price": "31.99", "image": "image/upload/v1712182628/saovu3qz2zmpizwlmzcf.jpg", "category": 4, "created_at": "2024-04-03T22:17:09.160Z", "average_rating": "0.00"}}, {"model": "api.product", "pk": 24, "fields": {"name": "Frieren - Fern Nendoroid", "description": "Frieren - Fern Nendoroid", "price": "37.99", "image": "image/upload/v1712182653/jx2dza6blgurrpyln1jn.jpg", "category": 4, "created_at": "2024-04-03T22:17:33.579Z", "average_rating": "0.00"}}, {"model": "api.product", "pk": 25, "fields": {"name": "Jujutsu Kaisen - Satoru Gojo S", "description": "Jujutsu Kaisen - Satoru Gojo S", "price": "419.99", "image": "image/upload/v1712182680/ctdcbogantzk0jnuify9.jpg", "category": 4, "created_at": "2024-04-03T22:17:59.820Z", "average_rating": "0.00"}}, {"model": "api.product", "pk": 26, "fields": {"name": "Initial D V7", "description": "Initial D V7", "price": "18.99", "image": "image/upload/v1712182712/g8vrxpxicxkln1gdz5pz.jpg", "category": 5, "created_at": "2024-04-03T22:18:32.222Z", "average_rating": "0.00"}}, {"model": "api.product", "pk": 27, "fields": {"name": "Spy x Family Manga V11", "description": "Spy x Family Manga V11", "price": "24.99", "image": "image/upload/v1712182730/ofgfdjlsiubbndezqhuw.jpg", "category": 5, "created_at": "2024-04-03T22:18:50.007Z", "average_rating": "0.00"}}, {"model": "api.product", "pk": 28, "fields": {"name": "xxxHOLiC Rei Graphic N3", "description": "xxxHOLiC Rei Graphic N3", "price": "8.79", "image": "image/upload/v1712182752/v7dadk7i2ikrknquawuc.jpg", "category": 5, "created_at": "2024-04-03T22:19:11.766Z", "average_rating": "0.00"}}, {"model": "api.product", "pk": 29, "fields": {"name": "Naruto Manga V21", "description": "Naruto Manga V21", "price": "7.99", "image": "image/upload/v1712182781/x2rvqtgihtinboldiocz.jpg", "category": 5, "created_at": "2024-04-03T22:19:41.127Z", "average_rating": "0.00"}}, {"model": "api.product", "pk": 30, "fields": {"name": "Rainbow Days Manga V7", "description": "Rainbow Days Manga V7", "price": "7.99", "image": "image/upload/v1712182802/uwotwljir5rjd5llx9bq.jpg", "category": 5, "created_at": "2024-04-03T22:20:02.493Z", "average_rating": "0.00"}}, {"model": "api.product", "pk": 31, "fields": {"name": "Dragon Ball Z Manga V25", "description": "Dragon Ball Z Manga V25", "price": "7.99", "image": "image/upload/v1712182817/rcehzgxpq45wn0hwvffg.jpg", "category": 5, "created_at": "2024-04-03T22:20:17.762Z", "average_rating": "0.00"}}, {"model": "api.product", "pk": 32, "fields": {"name": "Urusei Yatsura (2022) S1-2", "description": "Urusei Yatsura (2022) S1-2", "price": "67.49", "image": "image/upload/v1712183673/gtoc28tyh9jxk85twl6z.jpg", "category": 2, "created_at": "2024-04-03T22:34:33.370Z", "average_rating": "0.00"}}, {"model": "api.client", "pk": 1, "fields": {"user": 2, "phone": "999999999", "address": "Jr Buenos Aires 123"}}, {"model": "api.client", "pk": 2, "fields": {"user": 3, "phone": "999999999", "address": "Av Aventura 123"}}, {"model": "api.client", "pk": 3, "fields": {"user": 4, "phone": "999999999", "address": "Av Kuroshitsuji s/n"}}, {"model": "api.client", "pk": 4, "fields": {"user": 5, "phone": "999999888", "address": "Av El olvido 101"}}, {"model": "api.client", "pk": 5, "fields": {"user": 6, "phone": "999999999", "address": "Av el Recuerdo 982"}}, {"model": "api.client", "pk": 6, "fields": {"user": 7, "phone": "999999999", "address": "Jr Buenos Aires 123"}}, {"model": "api.client", "pk": 7, "fields": {"user": 8, "phone": "9999999", "address": "Jr colombia 69"}}, {"model": "api.order", "pk": 1, "fields": {"code": "P1", "register_date": "2024-04-07", "client": 1, "total_price": "9.95", "discount": "0.00", "status": "1"}}, {"model": "api.order", "pk": 2, "fields": {"code": "P1", "register_date": "2024-04-07", "client": 1, "total_price": "44.96", "discount": "0.00", "status": "1"}}, {"model": "api.order", "pk": 3, "fields": {"code": "P1", "register_date": "2024-04-07", "client": 1, "total_price": "14.95", "discount": "0.00", "status": "1"}}, {"model": "api.order", "pk": 4, "fields": {"code": "P1", "register_date": "2024-04-08", "client": 1, "total_price": "14.95", "discount": "0.00", "status": "1"}}, {"model": "api.orderdetail", "pk": 2, "fields": {"order": 2, "product": 7, "quantity": 1, "subtotal": "44.96"}}, {"model": "api.orderdetail", "pk": 3, "fields": {"order": 3, "product": 3, "quantity": 1, "subtotal": "14.95"}}, {"model": "api.orderdetail", "pk": 4, "fields": {"order": 4, "product": 3, "quantity": 1, "subtotal": "14.95"}}, {"model": "api.paymentmethod", "pk": 1, "fields": {"name": "paypal", "account_email": "sb-0vpvr30010384@business.example.com"}}, {"model": "api.favorite", "pk": 21, "fields": {"client": 1, "product": 13, "created_at": "2024-04-08T17:26:42.956Z"}}, {"model": "api.favorite", "pk": 53, "fields": {"client": 5, "product": 2, "created_at": "2024-04-11T00:59:17.196Z"}}, {"model": "api.favorite", "pk": 54, "fields": {"client": 5, "product": 3, "created_at": "2024-04-11T00:59:19.138Z"}}, {"model": "api.favorite", "pk": 56, "fields": {"client": 6, "product": 7, "created_at": "2024-04-11T02:09:42.809Z"}}, {"model": "api.favorite", "pk": 58, "fields": {"client": 6, "product": 3, "created_at": "2024-04-11T02:11:33.025Z"}}, {"model": "api.favorite", "pk": 59, "fields": {"client": 6, "product": 4, "created_at": "2024-04-11T02:11:34.266Z"}}, {"model": "api.favorite", "pk": 60, "fields": {"client": 1, "product": 2, "created_at": "2024-04-11T03:36:37.096Z"}}, {"model": "admin.logentry", "pk": 1, "fields": {"action_time": "2024-04-03T21:58:22.308Z", "user": 1, "content_type": 1, "object_id": "1", "object_repr": "Accessories", "action_flag": 1, "change_message": "[{\"added\": {}}]"}}, {"model": "admin.logentry", "pk": 2, "fields": {"action_time": "2024-04-03T21:58:32.830Z", "user": 1, "content_type": 1, "object_id": "2", "object_repr": "Blu-ray", "action_flag": 1, "change_message": "[{\"added\": {}}]"}}, {"model": "admin.logentry", "pk": 3, "fields": {"action_time": "2024-04-03T21:58:39.855Z", "user": 1, "content_type": 1, "object_id": "3", "object_repr": "Clothing", "action_flag": 1, "change_message": "[{\"added\": {}}]"}}, {"model": "admin.logentry", "pk": 4, "fields": {"action_time": "2024-04-03T21:58:45.163Z", "user": 1, "content_type": 1, "object_id": "4", "object_repr": "Figures", "action_flag": 1, "change_message": "[{\"added\": {}}]"}}, {"model": "admin.logentry", "pk": 5, "fields": {"action_time": "2024-04-03T21:58:49.790Z", "user": 1, "content_type": 1, "object_id": "5", "object_repr": "Manga", "action_flag": 1, "change_message": "[{\"added\": {}}]"}}, {"model": "admin.logentry", "pk": 6, "fields": {"action_time": "2024-04-03T22:00:20.773Z", "user": 1, "content_type": 5, "object_id": "1", "object_repr": "Spy x Family - Anya Expressions", "action_flag": 1, "change_message": "[{\"added\": {}}]"}}, {"model": "admin.logentry", "pk": 7, "fields": {"action_time": "2024-04-03T22:01:03.714Z", "user": 1, "content_type": 5, "object_id": "2", "object_repr": "Jujutsu Kaisen - Character Box", "action_flag": 1, "change_message": "[{\"added\": {}}]"}}, {"model": "admin.logentry", "pk": 8, "fields": {"action_time": "2024-04-03T22:01:27.822Z", "user": 1, "content_type": 5, "object_id": "3", "object_repr": "Chainsaw Man - Blind Keychain", "action_flag": 1, "change_message": "[{\"added\": {}}]"}}, {"model": "admin.logentry", "pk": 9, "fields": {"action_time": "2024-04-03T22:01:57.881Z", "user": 1, "content_type": 5, "object_id": "4", "object_repr": "Naruto Shippuden - Akatsuki Box", "action_flag": 1, "change_message": "[{\"added\": {}}]"}}, {"model": "admin.logentry", "pk": 10, "fields": {"action_time": "2024-04-03T22:02:58.944Z", "user": 1, "content_type": 5, "object_id": "5", "object_repr": "Ein Cowboy Bebop Nendoroid Pin", "action_flag": 1, "change_message": "[{\"added\": {}}]"}}, {"model": "admin.logentry", "pk": 11, "fields": {"action_time": "2024-04-03T22:03:31.806Z", "user": 1, "content_type": 5, "object_id": "6", "object_repr": "Dragon Ball Z - Shenron FiGPiN", "action_flag": 1, "change_message": "[{\"added\": {}}]"}}, {"model": "admin.logentry", "pk": 12, "fields": {"action_time": "2024-04-03T22:03:55.797Z", "user": 1, "content_type": 5, "object_id": "7", "object_repr": "Berserk - The Complete TV Series", "action_flag": 1, "change_message": "[{\"added\": {}}]"}}, {"model": "admin.logentry", "pk": 13, "fields": {"action_time": "2024-04-03T22:08:41.642Z", "user": 1, "content_type": 5, "object_id": "8", "object_repr": "Futakoi - The Complete TV Series", "action_flag": 1, "change_message": "[{\"added\": {}}]"}}, {"model": "admin.logentry", "pk": 14, "fields": {"action_time": "2024-04-03T22:09:09.220Z", "user": 1, "content_type": 5, "object_id": "9", "object_repr": "Lovely Complex - LA Movie", "action_flag": 1, "change_message": "[{\"added\": {}}]"}}, {"model": "admin.logentry", "pk": 15, "fields": {"action_time": "2024-04-03T22:09:50.260Z", "user": 1, "content_type": 5, "object_id": "10", "object_repr": "Bleach Sennen Kessen-hen", "action_flag": 1, "change_message": "[{\"added\": {}}]"}}, {"model": "admin.logentry", "pk": 16, "fields": {"action_time": "2024-04-03T22:10:09.270Z", "user": 1, "content_type": 5, "object_id": "11", "object_repr": "Akiba Maid War", "action_flag": 1, "change_message": "[{\"added\": {}}]"}}, {"model": "admin.logentry", "pk": 17, "fields": {"action_time": "2024-04-03T22:10:37.422Z", "user": 1, "content_type": 5, "object_id": "12", "object_repr": "B Gata H Kei", "action_flag": 1, "change_message": "[{\"added\": {}}]"}}, {"model": "admin.logentry", "pk": 18, "fields": {"action_time": "2024-04-03T22:11:15.853Z", "user": 1, "content_type": 5, "object_id": "13", "object_repr": "Fairy Tail Collection 9", "action_flag": 1, "change_message": "[{\"added\": {}}]"}}, {"model": "admin.logentry", "pk": 19, "fields": {"action_time": "2024-04-03T22:11:43.912Z", "user": 1, "content_type": 5, "object_id": "14", "object_repr": "Junji Ito - Yon & Mu Holiday Sweater", "action_flag": 1, "change_message": "[{\"added\": {}}]"}}, {"model": "admin.logentry", "pk": 20, "fields": {"action_time": "2024-04-03T22:12:10.702Z", "user": 1, "content_type": 5, "object_id": "15", "object_repr": "One Piece - Gum Gum Sweater", "action_flag": 1, "change_message": "[{\"added\": {}}]"}}, {"model": "admin.logentry", "pk": 21, "fields": {"action_time": "2024-04-03T22:12:45.021Z", "user": 1, "content_type": 5, "object_id": "16", "object_repr": "JoJo's Bizarre Adventure - Mista", "action_flag": 1, "change_message": "[{\"added\": {}}]"}}, {"model": "admin.logentry", "pk": 22, "fields": {"action_time": "2024-04-03T22:13:12.557Z", "user": 1, "content_type": 5, "object_id": "17", "object_repr": "JoJo's Bizarre Adventure - Hoodie", "action_flag": 1, "change_message": "[{\"added\": {}}]"}}, {"model": "admin.logentry", "pk": 23, "fields": {"action_time": "2024-04-03T22:14:09.631Z", "user": 1, "content_type": 5, "object_id": "18", "object_repr": "Trigun - Ready Set  T-Shirt", "action_flag": 1, "change_message": "[{\"added\": {}}]"}}, {"model": "admin.logentry", "pk": 24, "fields": {"action_time": "2024-04-03T22:14:30.130Z", "user": 1, "content_type": 5, "object_id": "19", "object_repr": "Hunter x Hunter - T-Shirt", "action_flag": 1, "change_message": "[{\"added\": {}}]"}}, {"model": "admin.logentry", "pk": 25, "fields": {"action_time": "2024-04-03T22:14:55.621Z", "user": 1, "content_type": 5, "object_id": "20", "object_repr": "Hades - Zagreus", "action_flag": 1, "change_message": "[{\"added\": {}}]"}}, {"model": "admin.logentry", "pk": 26, "fields": {"action_time": "2024-04-03T22:15:20.576Z", "user": 1, "content_type": 5, "object_id": "21", "object_repr": "Chained Soldier - Kyouka Uzen", "action_flag": 1, "change_message": "[{\"added\": {}}]"}}, {"model": "admin.logentry", "pk": 27, "fields": {"action_time": "2024-04-03T22:16:48.760Z", "user": 1, "content_type": 5, "object_id": "22", "object_repr": "Bleach - Ichigo Kurosaki", "action_flag": 1, "change_message": "[{\"added\": {}}]"}}, {"model": "admin.logentry", "pk": 28, "fields": {"action_time": "2024-04-03T22:17:09.160Z", "user": 1, "content_type": 5, "object_id": "23", "object_repr": "The Apothecary Diaries - Maomao", "action_flag": 1, "change_message": "[{\"added\": {}}]"}}, {"model": "admin.logentry", "pk": 29, "fields": {"action_time": "2024-04-03T22:17:33.581Z", "user": 1, "content_type": 5, "object_id": "24", "object_repr": "Frieren - Fern Nendoroid", "action_flag": 1, "change_message": "[{\"added\": {}}]"}}, {"model": "admin.logentry", "pk": 30, "fields": {"action_time": "2024-04-03T22:17:59.820Z", "user": 1, "content_type": 5, "object_id": "25", "object_repr": "Jujutsu Kaisen - Satoru Gojo S", "action_flag": 1, "change_message": "[{\"added\": {}}]"}}, {"model": "admin.logentry", "pk": 31, "fields": {"action_time": "2024-04-03T22:18:32.225Z", "user": 1, "content_type": 5, "object_id": "26", "object_repr": "Initial D V7", "action_flag": 1, "change_message": "[{\"added\": {}}]"}}, {"model": "admin.logentry", "pk": 32, "fields": {"action_time": "2024-04-03T22:18:50.009Z", "user": 1, "content_type": 5, "object_id": "27", "object_repr": "Spy x Family Manga V11", "action_flag": 1, "change_message": "[{\"added\": {}}]"}}, {"model": "admin.logentry", "pk": 33, "fields": {"action_time": "2024-04-03T22:19:11.768Z", "user": 1, "content_type": 5, "object_id": "28", "object_repr": "xxxHOLiC Rei Graphic N3", "action_flag": 1, "change_message": "[{\"added\": {}}]"}}, {"model": "admin.logentry", "pk": 34, "fields": {"action_time": "2024-04-03T22:19:41.128Z", "user": 1, "content_type": 5, "object_id": "29", "object_repr": "Naruto Manga V21", "action_flag": 1, "change_message": "[{\"added\": {}}]"}}, {"model": "admin.logentry", "pk": 35, "fields": {"action_time": "2024-04-03T22:20:02.496Z", "user": 1, "content_type": 5, "object_id": "30", "object_repr": "Rainbow Days Manga V7", "action_flag": 1, "change_message": "[{\"added\": {}}]"}}, {"model": "admin.logentry", "pk": 36, "fields": {"action_time": "2024-04-03T22:20:17.763Z", "user": 1, "content_type": 5, "object_id": "31", "object_repr": "Dragon Ball Z Manga V25", "action_flag": 1, "change_message": "[{\"added\": {}}]"}}, {"model": "admin.logentry", "pk": 37, "fields": {"action_time": "2024-04-03T22:34:33.370Z", "user": 1, "content_type": 5, "object_id": "32", "object_repr": "Urusei Yatsura (2022) S1-2", "action_flag": 1, "change_message": "[{\"added\": {}}]"}}, {"model": "admin.logentry", "pk": 38, "fields": {"action_time": "2024-04-07T22:51:46.195Z", "user": 1, "content_type": 7, "object_id": "1", "object_repr": "Jujutsu Kaisen - Character Box", "action_flag": 3, "change_message": ""}}, {"model": "auth.permission", "pk": 1, "fields": {"name": "Can add category", "content_type": 1, "codename": "add_category"}}, {"model": "auth.permission", "pk": 2, "fields": {"name": "Can change category", "content_type": 1, "codename": "change_category"}}, {"model": "auth.permission", "pk": 3, "fields": {"name": "Can delete category", "content_type": 1, "codename": "delete_category"}}, {"model": "auth.permission", "pk": 4, "fields": {"name": "Can view category", "content_type": 1, "codename": "view_category"}}, {"model": "auth.permission", "pk": 5, "fields": {"name": "Can add client", "content_type": 2, "codename": "add_client"}}, {"model": "auth.permission", "pk": 6, "fields": {"name": "Can change client", "content_type": 2, "codename": "change_client"}}, {"model": "auth.permission", "pk": 7, "fields": {"name": "Can delete client", "content_type": 2, "codename": "delete_client"}}, {"model": "auth.permission", "pk": 8, "fields": {"name": "Can view client", "content_type": 2, "codename": "view_client"}}, {"model": "auth.permission", "pk": 9, "fields": {"name": "Can add order", "content_type": 3, "codename": "add_order"}}, {"model": "auth.permission", "pk": 10, "fields": {"name": "Can change order", "content_type": 3, "codename": "change_order"}}, {"model": "auth.permission", "pk": 11, "fields": {"name": "Can delete order", "content_type": 3, "codename": "delete_order"}}, {"model": "auth.permission", "pk": 12, "fields": {"name": "Can view order", "content_type": 3, "codename": "view_order"}}, {"model": "auth.permission", "pk": 13, "fields": {"name": "Can add payment method", "content_type": 4, "codename": "add_paymentmethod"}}, {"model": "auth.permission", "pk": 14, "fields": {"name": "Can change payment method", "content_type": 4, "codename": "change_paymentmethod"}}, {"model": "auth.permission", "pk": 15, "fields": {"name": "Can delete payment method", "content_type": 4, "codename": "delete_paymentmethod"}}, {"model": "auth.permission", "pk": 16, "fields": {"name": "Can view payment method", "content_type": 4, "codename": "view_paymentmethod"}}, {"model": "auth.permission", "pk": 17, "fields": {"name": "Can add product", "content_type": 5, "codename": "add_product"}}, {"model": "auth.permission", "pk": 18, "fields": {"name": "Can change product", "content_type": 5, "codename": "change_product"}}, {"model": "auth.permission", "pk": 19, "fields": {"name": "Can delete product", "content_type": 5, "codename": "delete_product"}}, {"model": "auth.permission", "pk": 20, "fields": {"name": "Can view product", "content_type": 5, "codename": "view_product"}}, {"model": "auth.permission", "pk": 21, "fields": {"name": "Can add order payment", "content_type": 6, "codename": "add_orderpayment"}}, {"model": "auth.permission", "pk": 22, "fields": {"name": "Can change order payment", "content_type": 6, "codename": "change_orderpayment"}}, {"model": "auth.permission", "pk": 23, "fields": {"name": "Can delete order payment", "content_type": 6, "codename": "delete_orderpayment"}}, {"model": "auth.permission", "pk": 24, "fields": {"name": "Can view order payment", "content_type": 6, "codename": "view_orderpayment"}}, {"model": "auth.permission", "pk": 25, "fields": {"name": "Can add order detail", "content_type": 7, "codename": "add_orderdetail"}}, {"model": "auth.permission", "pk": 26, "fields": {"name": "Can change order detail", "content_type": 7, "codename": "change_orderdetail"}}, {"model": "auth.permission", "pk": 27, "fields": {"name": "Can delete order detail", "content_type": 7, "codename": "delete_orderdetail"}}, {"model": "auth.permission", "pk": 28, "fields": {"name": "Can view order detail", "content_type": 7, "codename": "view_orderdetail"}}, {"model": "auth.permission", "pk": 29, "fields": {"name": "Can add log entry", "content_type": 8, "codename": "add_logentry"}}, {"model": "auth.permission", "pk": 30, "fields": {"name": "Can change log entry", "content_type": 8, "codename": "change_logentry"}}, {"model": "auth.permission", "pk": 31, "fields": {"name": "Can delete log entry", "content_type": 8, "codename": "delete_logentry"}}, {"model": "auth.permission", "pk": 32, "fields": {"name": "Can view log entry", "content_type": 8, "codename": "view_logentry"}}, {"model": "auth.permission", "pk": 33, "fields": {"name": "Can add permission", "content_type": 9, "codename": "add_permission"}}, {"model": "auth.permission", "pk": 34, "fields": {"name": "Can change permission", "content_type": 9, "codename": "change_permission"}}, {"model": "auth.permission", "pk": 35, "fields": {"name": "Can delete permission", "content_type": 9, "codename": "delete_permission"}}, {"model": "auth.permission", "pk": 36, "fields": {"name": "Can view permission", "content_type": 9, "codename": "view_permission"}}, {"model": "auth.permission", "pk": 37, "fields": {"name": "Can add group", "content_type": 10, "codename": "add_group"}}, {"model": "auth.permission", "pk": 38, "fields": {"name": "Can change group", "content_type": 10, "codename": "change_group"}}, {"model": "auth.permission", "pk": 39, "fields": {"name": "Can delete group", "content_type": 10, "codename": "delete_group"}}, {"model": "auth.permission", "pk": 40, "fields": {"name": "Can view group", "content_type": 10, "codename": "view_group"}}, {"model": "auth.permission", "pk": 41, "fields": {"name": "Can add user", "content_type": 11, "codename": "add_user"}}, {"model": "auth.permission", "pk": 42, "fields": {"name": "Can change user", "content_type": 11, "codename": "change_user"}}, {"model": "auth.permission", "pk": 43, "fields": {"name": "Can delete user", "content_type": 11, "codename": "delete_user"}}, {"model": "auth.permission", "pk": 44, "fields": {"name": "Can view user", "content_type": 11, "codename": "view_user"}}, {"model": "auth.permission", "pk": 45, "fields": {"name": "Can add content type", "content_type": 12, "codename": "add_contenttype"}}, {"model": "auth.permission", "pk": 46, "fields": {"name": "Can change content type", "content_type": 12, "codename": "change_contenttype"}}, {"model": "auth.permission", "pk": 47, "fields": {"name": "Can delete content type", "content_type": 12, "codename": "delete_contenttype"}}, {"model": "auth.permission", "pk": 48, "fields": {"name": "Can view content type", "content_type": 12, "codename": "view_contenttype"}}, {"model": "auth.permission", "pk": 49, "fields": {"name": "Can add session", "content_type": 13, "codename": "add_session"}}, {"model": "auth.permission", "pk": 50, "fields": {"name": "Can change session", "content_type": 13, "codename": "change_session"}}, {"model": "auth.permission", "pk": 51, "fields": {"name": "Can delete session", "content_type": 13, "codename": "delete_session"}}, {"model": "auth.permission", "pk": 52, "fields": {"name": "Can view session", "content_type": 13, "codename": "view_session"}}, {"model": "auth.permission", "pk": 53, "fields": {"name": "Can add favorite", "content_type": 14, "codename": "add_favorite"}}, {"model": "auth.permission", "pk": 54, "fields": {"name": "Can change favorite", "content_type": 14, "codename": "change_favorite"}}, {"model": "auth.permission", "pk": 55, "fields": {"name": "Can delete favorite", "content_type": 14, "codename": "delete_favorite"}}, {"model": "auth.permission", "pk": 56, "fields": {"name": "Can view favorite", "content_type": 14, "codename": "view_favorite"}}, {"model": "auth.user", "pk": 1, "fields": {"password": "pbkdf2_sha256$600000$uTx9p88VZuGHdq0MmOVeed$1nHWbacmR3yAbKzgqDxYbDfvLVu4JGLw+sy8N/kWmpc=", "last_login": "2024-04-11T01:29:23.209Z", "is_superuser": true, "username": "admin", "first_name": "", "last_name": "", "email": "admin@gmail.com", "is_staff": true, "is_active": true, "date_joined": "2024-04-03T21:50:52.350Z", "groups": [], "user_permissions": []}}, {"model": "auth.user", "pk": 2, "fields": {"password": "pbkdf2_sha256$600000$5gi7X7LBfXxnxDdr8GEGVZ$6ya/RznKFQ28scYZAk6X+rBzcMqjgDDTC+REC3EyvDQ=", "last_login": null, "is_superuser": false, "username": "angela", "first_name": "Angela", "last_name": "Gutierrez", "email": "angela@gmail.com", "is_staff": false, "is_active": true, "date_joined": "2024-04-03T21:53:26.470Z", "groups": [], "user_permissions": []}}, {"model": "auth.user", "pk": 3, "fields": {"password": "pbkdf2_sha256$600000$KRH37iw4MOeh8AZngW8PsG$napi4hk3JXl/i2TJWrVukPNLXvooIJoeP5xZQ6YEdTY=", "last_login": null, "is_superuser": false, "username": "nancy", "first_name": "Nancy", "last_name": "Leyva", "email": "nancy@gmail.com", "is_staff": false, "is_active": true, "date_joined": "2024-04-05T15:49:58.697Z", "groups": [], "user_permissions": []}}, {"model": "auth.user", "pk": 4, "fields": {"password": "pbkdf2_sha256$600000$MabvfolJ5w98dYl8lt3yPK$8/DfngaJ/ivUb7twpQin50hjtlIoIBx2Yy2UvkcHbEw=", "last_login": null, "is_superuser": false, "username": "sebastian", "first_name": "Sebastian", "last_name": "Michaelis", "email": "sebastian@gmail.com", "is_staff": false, "is_active": true, "date_joined": "2024-04-06T01:28:18.800Z", "groups": [], "user_permissions": []}}, {"model": "auth.user", "pk": 5, "fields": {"password": "pbkdf2_sha256$600000$s32Psoa4dzLFr1CAZ2r6L5$gNypGpgt6WUkcRuJwTvTRCSmgr36DYsILySKmBiV+vE=", "last_login": null, "is_superuser": false, "username": "fiorela", "first_name": "Fiorela", "last_name": "Melgar", "email": "fiorela@gmail.com", "is_staff": false, "is_active": true, "date_joined": "2024-04-10T21:34:09.743Z", "groups": [], "user_permissions": []}}, {"model": "auth.user", "pk": 6, "fields": {"password": "pbkdf2_sha256$600000$EwN8acmri6cXZijUgI97Mq$1OdaQPbUVpbvUWrrySj5zME9AGdU/L9BS3VMKo8ep9Q=", "last_login": null, "is_superuser": false, "username": "mirella", "first_name": "Mirella", "last_name": "Zaldivar", "email": "mirella@gmail.com", "is_staff": false, "is_active": true, "date_joined": "2024-04-10T21:36:39.650Z", "groups": [], "user_permissions": []}}, {"model": "auth.user", "pk": 7, "fields": {"password": "pbkdf2_sha256$600000$gja3E5ZtJ0TPHHpdkpdxau$H7JwK4BNvSUh8pvNdFw7TPmPbK0mY5ZfGw/8tGgFyiM=", "last_login": null, "is_superuser": false, "username": "cesar", "first_name": "Cesar", "last_name": "Mayta", "email": "cesar@gmail.com", "is_staff": false, "is_active": true, "date_joined": "2024-04-11T02:07:28.568Z", "groups": [], "user_permissions": []}}, {"model": "auth.user", "pk": 8, "fields": {"password": "pbkdf2_sha256$600000$HwUANSwA1PK8CssTjPz1SF$UVJtleI+pDr571r6GyNG88VnORlAIor1ZHYGTnLmiD8=", "last_login": null, "is_superuser": false, "username": "angelica", "first_name": "Angelica", "last_name": "Jimenez", "email": "angelica@gmail.com", "is_staff": false, "is_active": true, "date_joined": "2024-04-11T02:55:43.466Z", "groups": [], "user_permissions": []}}, {"model": "contenttypes.contenttype", "pk": 1, "fields": {"app_label": "api", "model": "category"}}, {"model": "contenttypes.contenttype", "pk": 2, "fields": {"app_label": "api", "model": "client"}}, {"model": "contenttypes.contenttype", "pk": 3, "fields": {"app_label": "api", "model": "order"}}, {"model": "contenttypes.contenttype", "pk": 4, "fields": {"app_label": "api", "model": "paymentmethod"}}, {"model": "contenttypes.contenttype", "pk": 5, "fields": {"app_label": "api", "model": "product"}}, {"model": "contenttypes.contenttype", "pk": 6, "fields": {"app_label": "api", "model": "orderpayment"}}, {"model": "contenttypes.contenttype", "pk": 7, "fields": {"app_label": "api", "model": "orderdetail"}}, {"model": "sessions.session", "pk": "opt5l0fvwhze92q8oaul0uhkhq78d235", "fields": {"session_data": ".eJxVjEEOwiAQRe_C2pBCgYJL956BzAyMVA0kpV0Z765NutDtf-_9l4iwrSVuPS9xTuIslDj9bgj0yHUH6Q711iS1ui4zyl2RB-3y2lJ-Xg7376BAL98aguLBG20MK5MdksIhWUJkFTymMI2jB8cBcx55AiYdnLPWMoImZiXeH_R_OMs:1rujFj:CVV2BnKbd8W4RcpYsyCSC2eDr-X9JWSXvMCk5oJMBv8", "expire_date": "2024-04-25T01:29:23.211Z"}}, {"model": "sessions.session", "pk": "q6glqung7zpaana95nc7axryx0hdiuji", "fields": {"session_data": ".eJxVjEEOwiAQRe_C2pBCgYJL956BzAyMVA0kpV0Z765NutDtf-_9l4iwrSVuPS9xTuIslDj9bgj0yHUH6Q711iS1ui4zyl2RB-3y2lJ-Xg7376BAL98aguLBG20MK5MdksIhWUJkFTymMI2jB8cBcx55AiYdnLPWMoImZiXeH_R_OMs:1rs8Zx:M2wvYWCihb-j_irHl9cbD0qsmqtZnELEMqRyTyLSgFk", "expire_date": "2024-04-17T21:55:33.684Z"}}, {"model": "sessions.session", "pk": "wjbi0qvt3e8aq4tkdxsw0pcpi4wnpmz1", "fields": {"session_data": ".eJxVjEEOwiAQRe_C2pBCgYJL956BzAyMVA0kpV0Z765NutDtf-_9l4iwrSVuPS9xTuIslDj9bgj0yHUH6Q711iS1ui4zyl2RB-3y2lJ-Xg7376BAL98aguLBG20MK5MdksIhWUJkFTymMI2jB8cBcx55AiYdnLPWMoImZiXeH_R_OMs:1rtbln:I7Rs-uv4W-Ld4IrgQgk7hJIqzCbe7sBxPYKhP7dfbkU", "expire_date": "2024-04-21T23:17:51.458Z"}}]